CREATE TABLE experiments (
       id SERIAL,
       etag TEXT UNIQUE NOT NULL,
       CONSTRAINT etag_ct CHECK (etag ~ '^[A-Za-z0-9]+$')
);

CREATE TABLE epoints (
       id SERIAL,
       etag TEXT NOT NULL references experiments(etag),
       ptag TEXT UNIQUE NOT NULL,
       ebeam REAL,
       mfield REAL,
       CONSTRAINT ptag_ct CHECK (ptag ~ '^[0-9\.]+_\d+$')
);

CREATE TABLE userroles (
       id SERIAL,
       userrole TEXT UNIQUE NOT NULL,
       CONSTRAINT userrole CHECK (userrole ~ '^[A-Z0-9]+$')
);

CREATE TABLE users (
       id SERIAL,
       username TEXT UNIQUE NOT NULL,
       userrole TEXT NOT NULL references userroles(userrole),
       hash TEXT NOT NULL
);

INSERT INTO userroles (userrole) VALUES ('ADMIN'), ('READONLY');

INSERT INTO users (username, userrole, hash) VALUES
('admin', 'ADMIN', '$2a$12$/aw2PFksCDGbT6kiSQiLbu3RQgn2MoDoB6e5xDnx5dcstKfDo57iy'),
('sergei', 'READONLY', '$2a$12$VhKTfJSDHVWiwf.9hH8SzeoPAk3fyt9iAovenwCeixFvew1uZVQNe');

INSERT INTO experiments (etag) VALUES
('HIGH2011'),
('HIGH2012'),
('RHO2013'),
('HIGH2017'),
('RHO2018'),
('HIGH2019'),
('LOW2020'),
('HIGH2020');

INSERT INTO epoints (ptag, etag, ebeam, mfield) VALUES
('750_8257', 'HIGH2011', 750.0, 1),
('505_8408', 'HIGH2011', 505.0, 1),
('508_8488', 'HIGH2011', 508.0, 1),
('510_8567', 'HIGH2011', 510.0, 1),
('511.5_8629', 'HIGH2011', 511.5, 1),
('517_8678', 'HIGH2011', 517.0, 1),
('512_8701', 'HIGH2011', 512.0, 1),
('510.5_8732', 'HIGH2011', 510.5, 1),
('514_8756', 'HIGH2011', 514.0, 1),
('509_8787', 'HIGH2011', 509.0, 1),
('507_8820', 'HIGH2011', 507.0, 1),
('511.2_8847', 'HIGH2011', 511.2, 1),
('525_8997', 'HIGH2011', 525.0, 0.8),
('550_9158', 'HIGH2011', 550.0, 0.8),
('575_9288', 'HIGH2011', 575.0, 0.8),
('600_9407', 'HIGH2011', 600.0, 0.8),
('625_9475', 'HIGH2011', 625.0, 0.8),
('650_9703', 'HIGH2011', 650.0, 1),
('675_9773', 'HIGH2011', 675.0, 1),
('700_9902', 'HIGH2011', 700.0, 1),
('725_10052', 'HIGH2011', 725.0, 1),
('750_10156', 'HIGH2011', 750.0, 1),
('775_10271', 'HIGH2011', 775.0, 1),
('800_10364', 'HIGH2011', 800.0, 1),
('825_10428', 'HIGH2011', 825.0, 1),
('850_10528', 'HIGH2011', 850.0, 1),
('875_10606', 'HIGH2011', 875.0, 1),
('900_10715', 'HIGH2011', 900.0, 1),
('925_10796', 'HIGH2011', 925.0, 1),
('950_10902', 'HIGH2011', 950.0, 1),
('962.5_10992', 'HIGH2011', 962.5, 1),
('975_11110', 'HIGH2011', 975.0, 1),
('987.5_11220', 'HIGH2011', 987.5, 1),
('1000_11333', 'HIGH2011', 1000, 1),
('945_11608', 'HIGH2011', 945.0, 1),
('935_11756', 'HIGH2011', 935.0, 1),
('912.5_11837', 'HIGH2011', 912.5, 1),
('887.5_11870', 'HIGH2011', 887.5, 1),
('862.5_11905', 'HIGH2011', 862.5, 1),
('837.5_11940', 'HIGH2011', 837.5, 1),
('812.5_11988', 'HIGH2011', 812.5, 1),
('787.5_12035', 'HIGH2011', 787.5, 1),
('712.5_12116', 'HIGH2011', 712.5, 1),
('737.5_12215', 'HIGH2011', 737.5, 1),
('762.5_12338', 'HIGH2011', 762.5, 1),
('687.5_12442', 'HIGH2011', 687.5, 1),
('662.5_12532', 'HIGH2011', 662.5, 1),
('637.5_12693', 'HIGH2011', 637.5, 1),
('612.5_12811', 'HIGH2011', 612.5, 1),
('587.5_12894', 'HIGH2011', 587.5, 1),
('562.5_12974', 'HIGH2011', 562.5, 1),
('537.5_13082', 'HIGH2011', 537.5, 1),
('510.8_13164', 'HIGH2011', 510.8, 1),
('508.7_13218', 'HIGH2011', 508.70000000000005, 1),
('509.8_13260', 'HIGH2011', 509.8, 1),
('510.5_13314', 'HIGH2011', 510.49999999999994, 1.2),
('510_14480', 'HIGH2012', 510.0, 0),
('508_14522', 'HIGH2012', 508.0, 1.3),
('509_14538', 'HIGH2012', 509.0, 1.3),
('510_14562', 'HIGH2012', 510.0, 1.3),
('511_14571', 'HIGH2012', 511.0, 1.3),
('512_14581', 'HIGH2012', 512.0, 1.3),
('513_14588', 'HIGH2012', 513.0, 1.3),
('640_14606', 'HIGH2012', 640.0, 1.3),
('680_14880', 'HIGH2012', 680.0, 1.3),
('720_15027', 'HIGH2012', 720.0, 1.3),
('760_15149', 'HIGH2012', 760.0, 1.3),
('800_15287', 'HIGH2012', 800.0, 1.3),
('840_15368', 'HIGH2012', 840.0, 1.3),
('860_15464', 'HIGH2012', 860.0, 1.3),
('880_15554', 'HIGH2012', 880.0, 1.3),
('900_15630', 'HIGH2012', 900.0, 1.3),
('920_15717', 'HIGH2012', 920.0, 1.3),
('936_15839', 'HIGH2012', 936.0, 1.3),
('950_15942', 'HIGH2012', 950.0, 1.3),
('970_16068', 'HIGH2012', 970.0, 1.3),
('980_16189', 'HIGH2012', 980.0, 1.3),
('990_16304', 'HIGH2012', 990.0, 1.3),
('960_16492', 'HIGH2012', 960.0, 1.3),
('507_17537', 'RHO2013', 507.53499999999997, 1.3),
('508_17611', 'RHO2013', 508.60499999999996, 1.3),
('509_17668', 'RHO2013', 509.60499999999996, 1.3),
('510_17703', 'RHO2013', 510.655, 1.3),
('511_17742', 'RHO2013', 511.63000000000005, 1.3),
('512_17788', 'RHO2013', 512.755, 1.3),
('514_17837', 'RHO2013', 514.5450000000001, 1.3),
('525_17885', 'RHO2013', 525.2099999999999, 1.3),
('509.1_18019', 'RHO2013', 0, 1.3),
('389_18095', 'RHO2013', 390.75399999999996, 1.3),
('390_18195', 'RHO2013', 391.921, 1.3),
('391_18249', 'RHO2013', 392.766, 1.3),
('392_18327', 'RHO2013', 393.792, 1.3),
('394_18398', 'RHO2013', 395.745, 1.3),
('388_18446', 'RHO2013', 389.775, 1.3),
('387_18549', 'RHO2013', 388.885, 1.3),
('385_18678', 'RHO2013', 386.70799999999997, 1.3),
('490_18811', 'RHO2013', 490.80600000000004, 1.3),
('480_18882', 'RHO2013', 480.875, 1.3),
('470_18958', 'RHO2013', 470.916, 1.3),
('460_19067', 'RHO2013', 461.175, 1.3),
('450_19272', 'RHO2013', 451.35900000000004, 1.3),
('440_19311', 'RHO2013', 441.46750000000003, 1.3),
('430_19367', 'RHO2013', 431.36600000000004, 1.3),
('420_19466', 'RHO2013', 421.719, 1.3),
('409_19621', 'RHO2013', 410.83750000000003, 1.3),
('400_19798', 'RHO2013', 401.992, 1.3),
('397_19872', 'RHO2013', 398.92100000000005, 1.3),
('395_19923', 'RHO2013', 396.695, 1.3),
('393_19953', 'RHO2013', 394.73, 1.3),
('391.5_19985', 'RHO2013', 393.57599999999996, 1.3),
('390.5_20234', 'RHO2013', 392.34999999999997, 1.3),
('390_20259', 'RHO2013', 391.852, 1.3),
('389.5_20280', 'RHO2013', 391.34799999999996, 1.3),
('389_20523', 'RHO2013', 390.872, 1.3),
('388.5_20552', 'RHO2013', 390.27099999999996, 1.3),
('387.5_20584', 'RHO2013', 389.175, 1.3),
('386_20772', 'RHO2013', 387.746, 1.3),
('384_20791', 'RHO2013', 385.717, 1.3),
('382_20822', 'RHO2013', 383.70149999999995, 1.3),
('378_21007', 'RHO2013', 379.7595, 1.3),
('376_21035', 'RHO2013', 377.8365, 1.3),
('380_21073', 'RHO2013', 381.7705, 1.3),
('374_21283', 'RHO2013', 375.81550000000004, 1.3),
('372_21308', 'RHO2013', 373.848, 1.3),
('370_21339', 'RHO2013', 371.8985, 1.3),
('367.7_21380', 'RHO2013', 369.558, 1.3),
('364_21542', 'RHO2013', 366.354, 1.3),
('360_21589', 'RHO2013', 509.39, 1.3),
('350_21720', 'RHO2013', 352.067, 1.3),
('340_21795', 'RHO2013', 342.101, 1.3),
('330_21851', 'RHO2013', 332.192, 1.3),
('320_22321', 'RHO2013', 322.2685, 1.3),
('310_22372', 'RHO2013', 312.3275, 1.3),
('300_22404', 'RHO2013', 302.3865, 1.3),
('290_22438', 'RHO2013', 292.4135, 1.3),
('280_22461', 'RHO2013', 282.551, 1.3),
('270_22500', 'RHO2013', 272.612, 1.3),
('260_22555', 'RHO2013', 252.78699999999998, 1.3),
('250_22582', 'RHO2013', 252.78699999999998, 1.3),
('240_22876', 'RHO2013', 242.7785, 1.3),
('230_23002', 'RHO2013', 232.966, 1.3),
('220_23175', 'RHO2013', 0, 1.3),
('210_23280', 'RHO2013', 213.722, 1.3),
('200_23383', 'RHO2013', 202.952, 1.3),
('190_23555', 'RHO2013', 439.9005, 1.3),
('180_23684', 'RHO2013', 439.9005, 1.3),
('170_23930', 'RHO2013', 439.9005, 0.65),
('160_24106', 'RHO2013', 439.9005, 0.65),
('440_24402', 'RHO2013', 439.9005, 1.3),
('492_24604', 'RHO2013', 492.269, 1.3),
('502_24764', 'RHO2013', 502.035, 1.3),
('505_24835', 'RHO2013', 505.235, 1.3),
('506.5_25115', 'RHO2013', 506.48, 1.3),
('508_25249', 'RHO2013', 508.07500000000005, 1.3),
('508.5_25316', 'RHO2013', 508.58000000000004, 1.3),
('509_25494', 'RHO2013', 509.025, 1.3),
('509.5_25672', 'RHO2013', 509.56, 1.3),
('510_25845', 'RHO2013', 509.95, 1.3),
('510.5_26011', 'RHO2013', 510.54, 1.3),
('511_26291', 'RHO2013', 510.61, 1.3),
('511.5_26342', 'RHO2013', 511.0400000000001, 1.3),
('514_26387', 'RHO2013', 513.98, 1.3),
('517_26435', 'RHO2013', 513.98, 1.3),
('520_26505', 'RHO2013', 520.015, 1.3),
('525_26554', 'RHO2013', 524.9300000000001, 1.3),
('530_26717', 'RHO2013', 529.975, 1.3),
('410_26813', 'RHO2013', 407.6, 1.3),
('400_27038', 'RHO2013', 400.001, 1.3),
('396_27212', 'RHO2013', 396.121, 1.3),
('394_27390', 'RHO2013', 394.234, 1.3),
('392.5_27593', 'RHO2013', 392.459, 1.3),
('391.6_28464', 'RHO2013', 391.658, 1.3),
('391.5_28466', 'RHO2013', 391.558, 1.3),
('390.5_29298', 'RHO2013', 390.52049999999997, 1.3),
('389.5_30175', 'RHO2013', 389.57199999999995, 1.3),
('387.5_30265', 'RHO2013', 387.52049999999997, 1.3),
('378_30455', 'RHO2013', 377.988, 1.3),
('370_30694', 'RHO2013', 370.24, 1.3),
('479_30838', 'RHO2013', 478.839, 1.3),
('509.8_37005', 'HIGH2017', 509.8, 1.3),
('850_37860', 'HIGH2017', 846.8050000000001, 1.3),
('860_38526', 'HIGH2017', 857.23, 1.3),
('870_38763', 'HIGH2017', 867.15, 1.3),
('880_39042', 'HIGH2017', 876.97, 1.3),
('890_39498', 'HIGH2017', 889.0799999999999, 1.3),
('900_39896', 'HIGH2017', 899.5300000000001, 1.3),
('910_40184', 'HIGH2017', 909.715, 1.3),
('920_40369', 'HIGH2017', 919.96, 1.3),
('930_40552', 'HIGH2017', 930.485, 1.3),
('936_40770', 'HIGH2017', 935.4749999999999, 1.3),
('942_41812', 'HIGH2017', 941.88, 1.3),
('950_42150', 'HIGH2017', 950.3549999999999, 1.3),
('960_42406', 'HIGH2017', 960.63, 1.3),
('971_42651', 'HIGH2017', 971.235, 1.3),
('981_42875', 'HIGH2017', 981.955, 1.3),
('990_43038', 'HIGH2017', 991.24, 1.3),
('1003.5_43198', 'HIGH2017', 1003.31, 1.3),
('940.2_43643', 'HIGH2017', 940.265, 1.3),
('938.9_43659', 'HIGH2017', 938.75, 1.3),
('939.6_44030', 'HIGH2017', 939.465, 1.3),
('940.2_44259', 'HIGH2017', 940.2, 1.3),
('938.3_44474', 'HIGH2017', 938.175, 1.3),
('937.5_44699', 'HIGH2017', 937.4200000000001, 1.3),
('940.8_44932', 'HIGH2017', 940.5649999999999, 1.3),
('937.5_45155', 'HIGH2017', 937.125, 1.3),
('840_45356', 'HIGH2017', 839.47, 1),
('825_45497', 'HIGH2017', 825.05, 1),
('800_45640', 'HIGH2017', 800.86, 1),
('775_45761', 'HIGH2017', 774.85, 1),
('750_45870', 'HIGH2017', 749.5500000000001, 1),
('725_46004', 'HIGH2017', 724.94, 1),
('700_46199', 'HIGH2017', 700.56, 1),
('675_46343', 'HIGH2017', 674.855, 1),
('650_46555', 'HIGH2017', 649.77, 1),
('641_46812', 'HIGH2017', 641.02, 1),
('508.5_48884', 'RHO2018', 508.49999999999994, 1.3),
('500_48945', 'RHO2018', 500.215, 1.3),
('510_49070', 'RHO2018', 510.00500000000005, 1.3),
('500_49332', 'RHO2018', 499.9945, 1.3),
('495_49372', 'RHO2018', 495.0, 1.3),
('490_49418', 'RHO2018', 490.29, 1.3),
('485_49455', 'RHO2018', 485.296, 1.3),
('480_49530', 'RHO2018', 480.18, 1.3),
('475_49584', 'RHO2018', 474.996, 1.3),
('470_49673', 'RHO2018', 470.1345, 1.3),
('465_49724', 'RHO2018', 465.2215, 1.3),
('460_49798', 'RHO2018', 460.32250000000005, 1.3),
('455_49861', 'RHO2018', 455.05649999999997, 1.3),
('450_49910', 'RHO2018', 449.90400000000005, 1.3),
('445_49986', 'RHO2018', 444.884, 1.3),
('440_50041', 'RHO2018', 440.06800000000004, 1.3),
('435_50090', 'RHO2018', 435.132, 1.3),
('430_50164', 'RHO2018', 430.10949999999997, 1.3),
('425_50220', 'RHO2018', 425.26550000000003, 1.3),
('420_50296', 'RHO2018', 419.9975, 1.3),
('415_50345', 'RHO2018', 414.9235, 1.3),
('410_50406', 'RHO2018', 410.12850000000003, 1.3),
('405_50477', 'RHO2018', 405.27750000000003, 1.3),
('400_50542', 'RHO2018', 400.32800000000003, 1.3),
('399_50626', 'RHO2018', 398.9725, 1.3),
('398_50662', 'RHO2018', 398.02700000000004, 1.3),
('397_50714', 'RHO2018', 397.037, 1.3),
('396_50765', 'RHO2018', 396.043, 1.3),
('395_50813', 'RHO2018', 395.0575, 1.3),
('394_50858', 'RHO2018', 394.002, 1.3),
('393_50946', 'RHO2018', 393.067, 1.3),
('392.5_51029', 'RHO2018', 392.5115, 1.3),
('392_51106', 'RHO2018', 391.9915, 1.3),
('391.5_51179', 'RHO2018', 391.40000000000003, 1.3),
('391_51243', 'RHO2018', 390.947, 1.3),
('390.5_51321', 'RHO2018', 390.473, 1.3),
('390_51417', 'RHO2018', 389.992, 1.3),
('389.5_51473', 'RHO2018', 389.5315, 1.3),
('389_51547', 'RHO2018', 389.015, 1.3),
('388.5_51616', 'RHO2018', 388.47150000000005, 1.3),
('388_51672', 'RHO2018', 388.012, 1.3),
('387.5_51739', 'RHO2018', 387.5565, 1.3),
('387_51795', 'RHO2018', 386.894, 1.3),
('386_51859', 'RHO2018', 385.91249999999997, 1.3),
('384_51940', 'RHO2018', 383.8975, 1.3),
('382_52044', 'RHO2018', 381.95849999999996, 1.3),
('380_52136', 'RHO2018', 380.0095, 1.3),
('378_52218', 'RHO2018', 378.039, 1.3),
('376_52267', 'RHO2018', 375.992, 1.3),
('374_52337', 'RHO2018', 374.015, 1.3),
('372_52405', 'RHO2018', 372.033, 1.3),
('370_52483', 'RHO2018', 369.9735, 1.3),
('368_52535', 'RHO2018', 367.7895, 1.3),
('366_52768', 'RHO2018', 366.01800000000003, 1.3),
('364_52873', 'RHO2018', 364.086, 1.3),
('362_52921', 'RHO2018', 362.1035, 1.3),
('360_52973', 'RHO2018', 360.15049999999997, 1.3),
('355_53018', 'RHO2018', 355.176, 1.3),
('350_53089', 'RHO2018', 350.0275, 1.3),
('345_53270', 'RHO2018', 345.0, 1.3),
('340_53418', 'RHO2018', 340.092, 1.3),
('335_53514', 'RHO2018', 335.0965, 1.3),
('330_53573', 'RHO2018', 330.1875, 1.3),
('325_53671', 'RHO2018', 325.324, 1.3),
('320_53753', 'RHO2018', 319.998, 1.3),
('315_53854', 'RHO2018', 315.043, 1.3),
('310_53930', 'RHO2018', 310.0825, 1.3),
('305_54051', 'RHO2018', 305.037, 1.3),
('300_54213', 'RHO2018', 300.07349999999997, 1.3),
('295_54358', 'RHO2018', 295.0855, 1.3),
('290_54437', 'RHO2018', 290.0665, 1.3),
('285_54646', 'RHO2018', 285.105, 1.3),
('280_54784', 'RHO2018', 280.127, 1.3),
('274_54874', 'RHO2018', 273.8915, 1.3),
('345_55742', 'RHO2018', 344.7815, 1.3),
('350_55808', 'RHO2018', 349.85, 1.3),
('355_55872', 'RHO2018', 354.981, 1.3),
('360_55928', 'RHO2018', 359.9585, 1.3),
('362_56605', 'RHO2018', 361.8815, 1.3),
('364_56802', 'RHO2018', 363.8405, 1.3),
('366_56843', 'RHO2018', 365.9875, 1.3),
('368_56881', 'RHO2018', 368.057, 1.3),
('375_56938', 'RHO2018', 375.00149999999996, 1.3),
('455_58402', 'RHO2018', 454.715, 1.3),
('465_58741', 'RHO2018', 464.823, 1.3),
('492_59126', 'RHO2018', 492.1155, 1.3),
('501_59358', 'RHO2018', 500.93, 1.3),
('503_59483', 'RHO2018', 502.97999999999996, 1.3),
('505_59872', 'RHO2018', 504.8, 1.3),
('508_60040', 'RHO2018', 507.865, 1.3),
('508.5_60154', 'RHO2018', 508.39500000000004, 1.3),
('509_60501', 'RHO2018', 508.95500000000004, 1.3),
('509.5_60742', 'RHO2018', 509.525, 1.3),
('510_61380', 'RHO2018', 509.95500000000004, 1.3),
('510.5_61859', 'RHO2018', 510.455, 1.3),
('511_62079', 'RHO2018', 511.0400000000001, 1.3),
('511.5_62316', 'RHO2018', 511.44999999999993, 1.3),
('514_62438', 'RHO2018', 513.865, 1.3),
('517_62531', 'RHO2018', 516.905, 1.3),
('520_62643', 'RHO2018', 519.9, 1.3),
('525_62741', 'RHO2018', 524.9, 1.3),
('530_62830', 'RHO2018', 529.995, 1.3),
('550_62909', 'RHO2018', 549.98, 1.3),
('575_63138', 'RHO2018', 574.8050000000001, 1.3),
('600_63364', 'RHO2018', 599.585, 1.3),
('460_63714', 'RHO2018', 460.279, 1.3),
('380_64017', 'RHO2018', 380.239, 1.3),
('387.5_64298', 'RHO2018', 387.51849999999996, 1.3),
('389_64527', 'RHO2018', 388.964, 1.3),
('390.5_64814', 'RHO2018', 390.4955, 1.3),
('391.5_65641', 'RHO2018', 391.364, 1.3),
('392.5_66741', 'RHO2018', 392.4935, 1.3),
('394_67651', 'RHO2018', 393.875, 1.3),
('396_67956', 'RHO2018', 395.91749999999996, 1.3),
('340_68112', 'RHO2018', 339.8415, 1.3),
('550.1_70029', 'RHO2018', 549.6750000000001, 1.3),
('550_70260', 'HIGH2019', 549.34, 1.3),
('537.5_70914', 'HIGH2019', 537.455, 1.3),
('562.5_71178', 'HIGH2019', 562.5, 1.3),
('575_71544', 'HIGH2019', 574.855, 1.3),
('587.5_71908', 'HIGH2019', 587.725, 1.3),
('600_72268', 'HIGH2019', 599.89, 1.3),
('612.5_72545', 'HIGH2019', 612.51, 1.3),
('625_72787', 'HIGH2019', 624.61, 1.3),
('637.5_73035', 'HIGH2019', 637.045, 1.3),
('650_73374', 'HIGH2019', 649.9549999999999, 1.3),
('662.5_73636', 'HIGH2019', 662.285, 1.3),
('675_73926', 'HIGH2019', 674.79, 1.3),
('687.5_74169', 'HIGH2019', 687.115, 1.3),
('700_74366', 'HIGH2019', 699.865, 1.3),
('712.5_74528', 'HIGH2019', 712.5899999999999, 1.3),
('725_74704', 'HIGH2019', 725.495, 1.3),
('737.5_74974', 'HIGH2019', 737.355, 1.3),
('750_75459', 'HIGH2019', 750.015, 1.3),
('762_75730', 'HIGH2019', 762.8000000000001, 1.3),
('775_76033', 'HIGH2019', 774.985, 1.3),
('787.5_76243', 'HIGH2019', 787.42, 1.3),
('800_76450', 'HIGH2019', 799.845, 1.3),
('812.5_76723', 'HIGH2019', 812.625, 1.3),
('825_77131', 'HIGH2019', 824.41, 1.3),
('837.5_77414', 'HIGH2019', 837.53, 1.3),
('850_77631', 'HIGH2019', 850.21, 1.3),
('862.5_77854', 'HIGH2019', 861.515, 1.3),
('875_78066', 'HIGH2019', 874.875, 1.3),
('887.5_78274', 'HIGH2019', 887.52, 1.3),
('900_78506', 'HIGH2019', 900.515, 1.3),
('912.5_78722', 'HIGH2019', 913.38, 1.3),
('925_78931', 'HIGH2019', 925.5949999999999, 1.3),
('936_79212', 'HIGH2019', 936.24, 1.3),
('950_79625', 'HIGH2019', 950.1500000000001, 1.3),
('962.5_80068', 'HIGH2019', 962.82, 1.3),
('978_80506', 'HIGH2019', 976.21, 1.3),
('975_80603', 'HIGH2019', 972.88, 1.3),
('987.5_81313', 'HIGH2019', 987.8050000000001, 1.3),
('955_81775', 'HIGH2019', 956.0450000000001, 1.3),
('951.1_82106', 'HIGH2019', 951.04, 1.3),
('945_82528', 'HIGH2019', 944.8299999999999, 1.3),
('641_82925', 'HIGH2019', 640.925, 1.3),
('612.5_84504', 'HIGH2019', 612.615, 1.3),
('300_85224', 'LOW2020', 300.611, 1.3),
('290_85428', 'LOW2020', 290.252, 1.3),
('280_85653', 'LOW2020', 280.125, 1.3),
('270_85963', 'LOW2020', 270.08349999999996, 1.3),
('260_86255', 'LOW2020', 260.31, 1.3),
('250_86692', 'LOW2020', 248.91750000000002, 1.3),
('240_87013', 'LOW2020', 240.44750000000002, 1.3),
('230_87292', 'LOW2020', 230.23350000000002, 1.3),
('220_87537', 'LOW2020', 220.23000000000002, 1.3),
('210_87881', 'LOW2020', 210.0205, 1.3),
('200_88233', 'LOW2020', 200.0295, 1.3),
('190_88728', 'LOW2020', 190.48399999999998, 1.3),
('180_89515', 'LOW2020', 180.17600000000002, 1),
('935_89976', 'HIGH2020', 934.71, 1),
('945_91878', 'HIGH2020', 945.4599999999999, 1.3),
('950_93145', 'HIGH2020', 950.31, 1.3),
('960_94254', 'HIGH2020', 960.255, 1.3),
('970_95392', 'HIGH2020', 970.585, 1.3);
